table_name,sheet_name,row_count,scope_status
avant_型式_仕様一覧_旧型モデル,旧型モデル,1,未判断
avant_型式_仕様一覧_油圧システム,油圧システム,19,scope_excluded として記録済み
case_sl12_仕様項目一覧_概要,概要,10,scope_excluded として記録済み
case_sl12_仕様項目一覧_注記,注記,16,scope_excluded として記録済み
case_sl12_仕様項目一覧_装備,装備,44,scope_excluded として記録済み
case_sl12tr_仕様項目一覧_概要,概要,10,scope_excluded として記録済み
case_sl12tr_仕様項目一覧_注記,注記,16,scope_excluded として記録済み
case_sl12tr_仕様項目一覧_装備,装備,44,scope_excluded として記録済み
case_sl15_仕様項目一覧_概要,概要,10,scope_excluded として記録済み
case_sl15_仕様項目一覧_注記,注記,16,scope_excluded として記録済み
case_sl15_仕様項目一覧_装備,装備,47,scope_excluded として記録済み
case_sl22ev_仕様項目一覧_概要,概要,10,scope_excluded として記録済み
case_sl22ev_仕様項目一覧_注記,注記,16,scope_excluded として記録済み
case_sl22ev_仕様項目一覧_装備,装備,42,scope_excluded として記録済み
case_sl23_仕様項目一覧_概要,概要,10,scope_excluded として記録済み
case_sl23_仕様項目一覧_注記,注記,16,scope_excluded として記録済み
case_sl23_仕様項目一覧_装備,装備,49,scope_excluded として記録済み
case_sl27_仕様項目一覧_概要,概要,10,scope_excluded として記録済み
case_sl27_仕様項目一覧_注記,注記,16,scope_excluded として記録済み
case_sl27_仕様項目一覧_装備,装備,51,scope_excluded として記録済み
case_sl27tr_仕様項目一覧_概要,概要,10,scope_excluded として記録済み
case_sl27tr_仕様項目一覧_注記,注記,16,scope_excluded として記録済み
case_sl27tr_仕様項目一覧_装備,装備,50,scope_excluded として記録済み
case_sl35tr_仕様項目一覧_概要,概要,10,scope_excluded として記録済み
case_sl35tr_仕様項目一覧_注記,注記,16,scope_excluded として記録済み
case_sl35tr_仕様項目一覧_装備,装備,51,scope_excluded として記録済み
case_sl50tr_仕様項目一覧_概要,概要,10,scope_excluded として記録済み
case_sl50tr_仕様項目一覧_注記,注記,16,scope_excluded として記録済み
case_sl50tr_仕様項目一覧_装備,装備,50,scope_excluded として記録済み
gianni_ferrari_turboloader_仕様一覧_アタッチメント一覧,アタッチメント一覧,32,scope_excluded として記録済み
gianni_ferrari_turboloader_仕様一覧_アタッチメント仕様,アタッチメント仕様,194,scope_excluded として記録済み
gianni_ferrari_turboloader_仕様一覧_概要,概要,11,scope_excluded として記録済み
gianni_ferrari_turboloader_仕様一覧_機能説明,機能説明,22,scope_excluded として記録済み
gianni_ferrari_turboloader_仕様一覧_荷重図メモ,荷重図メモ,5,scope_excluded として記録済み
giant_g1200_tele_仕様一覧_タイヤ・アタッチメント,タイヤ・アタッチメント,7,scope_excluded として記録済み
giant_g1200_tele_仕様一覧_概要,概要,16,scope_excluded として記録済み
giant_g1200_仕様一覧_タイヤ・アタッチメント,タイヤ・アタッチメント,7,scope_excluded として記録済み
giant_g1200_仕様一覧_仕様比較,仕様比較,12,scope_excluded として記録済み
giant_g1200_仕様一覧_概要,概要,10,scope_excluded として記録済み
giant_g1500_series_仕様一覧_タイヤ・アタッチメント,タイヤ・アタッチメント,6,scope_excluded として記録済み
giant_g1500_series_仕様一覧_概要,概要,11,scope_excluded として記録済み
giant_g2200e_series_仕様一覧_タイヤ・アタッチメント,タイヤ・アタッチメント,3,scope_excluded として記録済み
giant_g2200e_series_仕様一覧_概要,概要,10,scope_excluded として記録済み
giant_g2300_hd_仕様一覧_タイヤ・アタッチメント,タイヤ・アタッチメント,3,scope_excluded として記録済み
giant_g2300_hd_仕様一覧_概要,概要,11,scope_excluded として記録済み
giant_g2500_series_仕様一覧_タイヤ・アタッチメント,タイヤ・アタッチメント,5,scope_excluded として記録済み
giant_g2500_series_仕様一覧_概要,概要,10,scope_excluded として記録済み
giant_g2700_series_仕様一覧_タイヤ・アタッチメント,タイヤ・アタッチメント,6,scope_excluded として記録済み
giant_g2700_series_仕様一覧_概要,概要,11,scope_excluded として記録済み
giant_g3500_series_仕様一覧_タイヤ・アタッチメント,タイヤ・アタッチメント,5,scope_excluded として記録済み
giant_g3500_series_仕様一覧_原文,原文,1,scope_excluded として記録済み
giant_g3500_series_仕様一覧_概要,概要,12,scope_excluded として記録済み
giant_g5000_series_仕様一覧_タイヤ・アタッチメント,タイヤ・アタッチメント,5,scope_excluded として記録済み
giant_g5000_series_仕様一覧_原文,原文,1,scope_excluded として記録済み
giant_g5000_series_仕様一覧_概要,概要,13,scope_excluded として記録済み
giant_g5000_tele_series_仕様一覧_タイヤ・アタッチメント,タイヤ・アタッチメント,3,scope_excluded として記録済み
giant_g5000_tele_series_仕様一覧_原文,原文,79,scope_excluded として記録済み
giant_g5000_tele_series_仕様一覧_概要,概要,11,scope_excluded として記録済み
giant_gs_series_仕様一覧_タイヤ・アタッチメント,タイヤ・アタッチメント,7,scope_excluded として記録済み
giant_gs_series_仕様一覧_概要,概要,10,scope_excluded として記録済み
giant_gt5048_series_仕様一覧_タイヤ・アタッチメント,タイヤ・アタッチメント,2,scope_excluded として記録済み
giant_gt5048_series_仕様一覧_原文,原文,75,scope_excluded として記録済み
giant_gt5048_series_仕様一覧_概要,概要,15,scope_excluded として記録済み
giant_型式分類一覧_GIANT型式分類,GIANT型式分類,24,未判断
giant_型式分類一覧_分類メモ,分類メモ,9,scope_excluded として記録済み
multione_11_5_y_仕様一覧_オプション・特徴,オプション・特徴,63,scope_excluded として記録済み
multione_11_5_y_仕様一覧_注記・原文,注記・原文,8,scope_excluded として記録済み
multione_11_6_k_turbos_仕様一覧_オプション・特徴,オプション・特徴,62,scope_excluded として記録済み
multione_11_6_k_turbos_仕様一覧_注記・原文,注記・原文,6,scope_excluded として記録済み
multione_1_1_仕様一覧_オプション・特徴,オプション・特徴,11,scope_excluded として記録済み
multione_1_1_仕様一覧_注記・原文,注記・原文,5,scope_excluded として記録済み
multione_2_3_efi_仕様一覧_オプション・特徴,オプション・特徴,41,scope_excluded として記録済み
multione_2_3_efi_仕様一覧_注記・原文,注記・原文,7,scope_excluded として記録済み
multione_5_2_k_id_仕様一覧_オプション・特徴,オプション・特徴,61,scope_excluded として記録済み
multione_5_2_k_id_仕様一覧_注記・原文,注記・原文,7,scope_excluded として記録済み
multione_5_3_k_id_仕様一覧_オプション・特徴,オプション・特徴,62,scope_excluded として記録済み
multione_5_3_k_id_仕様一覧_注記・原文,注記・原文,7,scope_excluded として記録済み
multione_6_3_ids_仕様一覧_オプション・特徴,オプション・特徴,66,scope_excluded として記録済み
multione_6_3_ids_仕様一覧_注記・原文,注記・原文,7,scope_excluded として記録済み
multione_7_2_k_仕様一覧_オプション・特徴,オプション・特徴,65,scope_excluded として記録済み
multione_7_2_k_仕様一覧_注記・原文,注記・原文,7,scope_excluded として記録済み
multione_8_4_turbos_仕様一覧_オプション・特徴,オプション・特徴,75,scope_excluded として記録済み
multione_8_4_turbos_仕様一覧_注記・原文,注記・原文,7,scope_excluded として記録済み
multione_8_5_y_仕様一覧_オプション・特徴,オプション・特徴,69,scope_excluded として記録済み
multione_8_5_y_仕様一覧_注記・原文,注記・原文,8,scope_excluded として記録済み
multione_8_5s_k_仕様一覧_オプション・特徴,オプション・特徴,71,scope_excluded として記録済み
multione_8_5s_k_仕様一覧_注記・原文,注記・原文,8,scope_excluded として記録済み
multione_ez7_仕様一覧_オプション・特徴,オプション・特徴,58,scope_excluded として記録済み
multione_ez7_仕様一覧_注記・原文,注記・原文,9,scope_excluded として記録済み
multione_ez8_ez8_long_range_仕様一覧_オプション・特徴,オプション・特徴,59,scope_excluded として記録済み
multione_ez8_ez8_long_range_仕様一覧_注記・原文,注記・原文,12,scope_excluded として記録済み
multione_wheels_仕様一覧_WHEELS互換表,WHEELS互換表,18,scope_excluded として記録済み
multione_wheels_仕様一覧_原文,原文,43,scope_excluded として記録済み
multione_wheels_仕様一覧_記号説明,記号説明,3,scope_excluded として記録済み
yanmar_cl26_仕様一覧_概要,概要,10,scope_excluded として記録済み
yanmar_cl26_仕様一覧_注記・原文,注記・原文,4,scope_excluded として記録済み
yanmar_cl26_仕様一覧_特徴,特徴,8,scope_excluded として記録済み
